-- National_Wonders

-- 国立大学 ----------------------------------------------------------------------------------------------------------------------------------------------------
	-- 修改解锁条件和造价
update Buildings set PrereqTech = NULL, PrereqCivic = 'CIVIC_IMPERIAL_EXAMINATION_SYSTEM_HD', cost = 750 where BuildingType = 'NAT_WONDER_CL_COLLEGE';
update Buildings set PrereqTech = NULL, PrereqCivic = 'CIVIC_IMPERIAL_EXAMINATION_SYSTEM_HD', cost = 750 where BuildingType = 'NAT_WONDER_CL_COLLEGE_INTERNAL';
	-- 修改建造条件
update Modifiers set OwnerRequirementSetId = NULL where ModifierId = 'CL_NAT_WONDER_ALLOW_BUILDING_COLLEGE';
insert or replace into BuildingPrereqs
	(Building,								PrereqBuilding)
values
	('NAT_WONDER_CL_COLLEGE',				'BUILDING_LIBRARY'),
	('NAT_WONDER_CL_COLLEGE_INTERNAL',		'BUILDING_LIBRARY');
	-- 修改本体产出
update Building_YieldChanges set YieldChange = 4 where BuildingType = 'NAT_WONDER_CL_COLLEGE';
update Building_YieldChanges set YieldChange = 4 where BuildingType = 'NAT_WONDER_CL_COLLEGE_INTERNAL';
update Building_GreatPersonPoints set PointsPerTurn = 6 where BuildingType = 'NAT_WONDER_CL_COLLEGE';
update Building_GreatPersonPoints set PointsPerTurn = 6 where BuildingType = 'NAT_WONDER_CL_COLLEGE_INTERNAL';
	-- 修改特效
delete from BuildingModifiers where BuildingType = 'NAT_WONDER_CL_COLLEGE' and ModifierId = 'CL_NAT_WONDER_ATTACH_SCIENCE_YIELD_MODIFIER';
delete from BuildingModifiers where BuildingType = 'NAT_WONDER_CL_COLLEGE' and ModifierId = 'CL_NAT_WONDER_ADJUST_CITY_SCIENCE_YIELD';

insert or replace into Modifiers
	(ModifierId,							ModifierType,																SubjectRequirementSetId)
values
	('HD_NAT_COLLEGE_CAMPUS_DOUBLE',		'MODIFIER_CITY_DISTRICTS_ADJUST_YIELD_MODIFIER',							'DISTRICT_IS_CAMPUS'),
	('HD_NAT_COLLEGE_GOVERN_SCIENCE',		'MODIFIER_PLAYER_CITIES_ADJUST_CITY_YIELD_MODIFIER_PER_GOVERNOR_TITLE',		'CITY_HAS_NAT_COLLEGE');

insert or replace into BuildingModifiers
	(BuildingType,							ModifierId)
values
	('NAT_WONDER_CL_COLLEGE',				'HD_NAT_COLLEGE_CAMPUS_DOUBLE'),
	('NAT_WONDER_CL_COLLEGE',				'HD_NAT_COLLEGE_GOVERN_SCIENCE');

insert or replace into ModifierArguments
	(ModifierId,							Name,				Value)
values
	('HD_NAT_COLLEGE_CAMPUS_DOUBLE',		'YieldType',		'YIELD_SCIENCE'),
	('HD_NAT_COLLEGE_CAMPUS_DOUBLE',		'Amount',			100),
	('HD_NAT_COLLEGE_GOVERN_SCIENCE',		'YieldType',		'YIELD_SCIENCE'),
	('HD_NAT_COLLEGE_GOVERN_SCIENCE',		'Amount',			4);

insert or ignore into RequirementSets
	(RequirementSetId,						RequirementSetType)
values
	('CITY_HAS_NAT_COLLEGE',				'REQUIREMENTSET_TEST_ALL');

insert or ignore into RequirementSetRequirements
	(RequirementSetId,						RequirementId)
values
	('CITY_HAS_NAT_COLLEGE',				'REQUIRES_CITY_HAS_NAT_WONDER_CL_COLLEGE');


-- 民族史诗 ----------------------------------------------------------------------------------------------------------------------------------------------------
	-- 修改解锁条件和造价
update Buildings set PrereqTech = NULL, PrereqCivic = 'CIVIC_HISTORICAL_PHILOSOPHY_HD', cost = 1000 where BuildingType = 'NAT_WONDER_CL_NATIONALEPIC';
update Buildings set PrereqTech = NULL, PrereqCivic = 'CIVIC_HISTORICAL_PHILOSOPHY_HD', cost = 1000 where BuildingType = 'NAT_WONDER_CL_NATIONALEPIC_INTERNAL';
	-- 修改建造条件
update Modifiers set OwnerRequirementSetId = NULL where ModifierId = 'CL_NAT_WONDER_ALLOW_BUILDING_NATIONALEPIC';

update Buildings set AdjacentDistrict = 'DISTRICT_THEATER' where BuildingType = 'NAT_WONDER_CL_NATIONALEPIC';
update Buildings set AdjacentDistrict = 'DISTRICT_THEATER' where BuildingType = 'NAT_WONDER_CL_NATIONALEPIC_INTERNAL';

insert or replace into BuildingPrereqs
	(Building,								PrereqBuilding)
values
	('NAT_WONDER_CL_NATIONALEPIC',			'BUILDING_MUSEUM_ART'),
	('NAT_WONDER_CL_NATIONALEPIC',			'BUILDING_MUSEUM_ARTIFACT'),
	('NAT_WONDER_CL_NATIONALEPIC_INTERNAL',	'BUILDING_MUSEUM_ART'),
	('NAT_WONDER_CL_NATIONALEPIC_INTERNAL',	'BUILDING_MUSEUM_ARTIFACT');
	-- 修改本体产出
delete from Building_YieldChanges where BuildingType = 'NAT_WONDER_CL_NATIONALEPIC' and YieldType = 'YIELD_PRODUCTION';
delete from Building_YieldChanges where BuildingType = 'NAT_WONDER_CL_NATIONALEPIC_INTERNAL' and YieldType = 'YIELD_PRODUCTION';
insert or replace into Building_YieldChanges
	(BuildingType,							YieldType,			YieldChange)
values
	('NAT_WONDER_CL_NATIONALEPIC',			'YIELD_CULTURE',	2),
	('NAT_WONDER_CL_NATIONALEPIC',			'YIELD_FAITH',		2),
	('NAT_WONDER_CL_NATIONALEPIC_INTERNAL',	'YIELD_CULTURE',	2),
	('NAT_WONDER_CL_NATIONALEPIC_INTERNAL',	'YIELD_FAITH',		2);
delete from Building_GreatWorks where BuildingType = 'NAT_WONDER_CL_NATIONALEPIC';
delete from Building_GreatWorks where BuildingType = 'NAT_WONDER_CL_NATIONALEPIC_INTERNAL';
	-- 修改特效
delete from BuildingModifiers where BuildingType = 'NAT_WONDER_CL_NATIONALEPIC' and ModifierId = 'CL_NAT_WONDER_ADJUST_GREATWORK_YIELD';
delete from BuildingModifiers where BuildingType = 'NAT_WONDER_CL_NATIONALEPIC' and ModifierId = 'CL_NAT_WONDER_ADJUST_GREAT_PERSON_POINT_BONUS_GOLDEN';
delete from BuildingModifiers where BuildingType = 'NAT_WONDER_CL_NATIONALEPIC' and ModifierId = 'CL_NAT_WONDER_ADJUST_GREATWORK_YIELD_GOLDEN';

insert or replace into Modifiers
	(ModifierId,											ModifierType)
select
	'HD_NAT_NATIONALEPIC_' || YieldType || '_ATTACH',		'MODIFIER_PLAYER_CITIES_ATTACH_MODIFIER'
from Yields;

insert or replace into Modifiers
	(ModifierId,											ModifierType)
select
	'HD_NAT_NATIONALEPIC_' || YieldType,					'MODIFIER_BUILDING_YIELD_CHANGE'
from Yields;

insert or replace into ModifierArguments
	(ModifierId,											Name,					Value)
select
	'HD_NAT_NATIONALEPIC_' || YieldType || '_ATTACH',		'ModifierId',			'HD_NAT_NATIONALEPIC_' || YieldType
from Yields;

insert or replace into ModifierArguments
	(ModifierId,											Name,					Value)
select
	'HD_NAT_NATIONALEPIC_' || YieldType,					'BuildingType',			'NAT_WONDER_CL_NATIONALEPIC'
from Yields;

insert or replace into ModifierArguments
	(ModifierId,											Name,					Value)
select
	'HD_NAT_NATIONALEPIC_' || YieldType,					'YieldType',			YieldType
from Yields;

insert or replace into ModifierArguments
	(ModifierId,											Name,					Value)
select
	'HD_NAT_NATIONALEPIC_' || YieldType,					'Amount',				4
from Yields;

-- 大本营 ------------------------------------------------------------------------------------------------------------------------------------------------------
	-- 修改解锁条件和造价
update Buildings set PrereqTech = 'TECH_MILITARY_ENGINEERING', PrereqCivic = NULL, cost = 750 where BuildingType = 'NAT_WONDER_CL_CITADEL';
update Buildings set PrereqTech = 'TECH_MILITARY_ENGINEERING', PrereqCivic = NULL, cost = 750 where BuildingType = 'NAT_WONDER_CL_CITADEL_INTERNAL';
	-- 修改本体产出
delete from Building_YieldChanges where BuildingType = 'NAT_WONDER_CL_CITADEL' and YieldType = 'YIELD_SCIENCE';
delete from Building_YieldChanges where BuildingType = 'NAT_WONDER_CL_CITADEL_INTERNAL' and YieldType = 'YIELD_SCIENCE';
update Building_YieldChanges set YieldChange = 2 where BuildingType = 'NAT_WONDER_CL_CITADEL' and YieldType = 'YIELD_CULTURE';
update Building_YieldChanges set YieldChange = 2 where BuildingType = 'NAT_WONDER_CL_CITADEL_INTERNAL' and YieldType = 'YIELD_CULTURE';

update Building_GreatPersonPoints set PointsPerTurn = 6 where BuildingType = 'NAT_WONDER_CL_CITADEL';
update Building_GreatPersonPoints set PointsPerTurn = 6 where BuildingType = 'NAT_WONDER_CL_CITADEL_INTERNAL';
	-- 修改特效
		-- 移除堡垒产出
delete from BuildingModifiers where BuildingType = 'NAT_WONDER_CL_CITADEL' and ModifierId = 'CL_NAT_WONDER_ATTACH_FORT_YIELD_MODIFIER';
--update Modifiers set OwnerRequirementSetId = NULL where ModifierId = 'CL_NAT_WONDER_ATTACH_FORT_YIELD_MODIFIER';
--delete from ModifierArguments where ModifierId = 'CL_NAT_WONDER_ADJUST_FORT_YIELD';
--insert or replace into ModifierArguments
--	(ModifierId,							Name,					Value)
--values
--	('CL_NAT_WONDER_ADJUST_FORT_YIELD',		'YieldType',			'YIELD_PRODUCTION,YIELD_CULTURE'),
--	('CL_NAT_WONDER_ADJUST_FORT_YIELD',		'Amount',				'2,2');
		-- 单位加力
update Modifiers set SubjectRequirementSetId = NULL where ModifierId = 'CL_NAT_WONDER_CITADEL_GRANT_ABILITY';
update Modifiers set SubjectRequirementSetId = 'HD_UNIT_IN_OWNER_TERRITORY_REQUIREMENTS' where ModifierId = 'CL_NAT_WONDER_ADJUST_UNIT_COMBAT_STRENGTH';
delete from UnitAbilityModifiers where UnitAbilityType = 'ABILITY_NAT_WONDER_CL_CITADEL' and ModifierId = 'CL_NAT_WONDER_ADJUST_UNIT_MOVEMENT';
update UnitAbilities set Description = 'LOC_ABILITY_NAT_WONDER_CL_CITADEL_DESCRIPTION_HD' where UnitAbilityType = 'ABILITY_NAT_WONDER_CL_CITADEL';
insert or replace into ModifierStrings
	(ModifierId,									Context,				Text)
values
	('CL_NAT_WONDER_ADJUST_UNIT_COMBAT_STRENGTH',	'Preview',				'LOC_ABILITY_NAT_WONDER_CL_CITADEL_DESCRIPTION_HD');
delete from TypeTags where Type = 'ABILITY_NAT_WONDER_CL_CITADEL';
insert or replace into TypeTags
	(Type,									Tag)
values
	('ABILITY_NAT_WONDER_CL_CITADEL',		'CLASS_MILITARY');

		-- 单位晋升不消耗移动力
insert or replace into UnitAbilityModifiers
	(UnitAbilityType,						ModifierId)
values
	('ABILITY_NAT_WONDER_CL_CITADEL',		'TRAIT_PROMOTE_NO_FINISH_MOVES');
-- Gran Colombia pack
insert or ignore into Modifiers (ModifierId, ModifierType) values
('TRAIT_PROMOTE_NO_FINISH_MOVES',	'MODIFIER_PLAYER_UNITS_PROMOTE_NO_FINISH_MOVES');
insert or ignore into ModifierArguments (ModifierId, Name, Value) values
('TRAIT_PROMOTE_NO_FINISH_MOVES',	'NoFinishMoves',	1);

		-- 送城墙&军营产出&军工+1次+1速&军营相邻
insert or replace into BuildingModifiers
	(BuildingType,							ModifierId)
values
	('NAT_WONDER_CL_CITADEL',				'HD_NAT_CITADEL_GRANT_WALLS'),
	('NAT_WONDER_CL_CITADEL',				'HD_NAT_CITADEL_GRANT_CASTLE'),
	('NAT_WONDER_CL_CITADEL',				'HD_NAT_CITADEL_ENCAMPMENT_ADJACENCY'),
	('NAT_WONDER_CL_CITADEL',				'HD_NAT_CITADEL_ENCAMPMENT_ADJACENCY_CULTURE'),
	('NAT_WONDER_CL_CITADEL',				'HD_NAT_CITADEL_MILITARY_ENGINEER_CHARGE'),
	('NAT_WONDER_CL_CITADEL',				'HD_NAT_CITADEL_MILITARY_ENGINEER_MOVEMENT');
	--('NAT_WONDER_CL_CITADEL',				'HD_NAT_CITADEL_ADJUST_ENCAMPMENT_DISTRICT_PRODUCTION_ATTACH'),
	--('NAT_WONDER_CL_CITADEL',				'HD_NAT_CITADEL_ADJUST_ENCAMPMENT_DISTRICT_CULTURE_ATTACH');

insert or replace into BuildingModifiers
	(BuildingType,							ModifierId)
select
	'NAT_WONDER_CL_CITADEL',				'HD_NAT_CITADEL_ADJUST_' || BuildingType || '_PRODUCTION'
from Buildings where PrereqDistrict = 'DISTRICT_ENCAMPMENT' and TraitType is null and BuildingType in (select BuildingType from HD_BuildingTiers);

insert or replace into BuildingModifiers
	(BuildingType,							ModifierId)
select
	'NAT_WONDER_CL_CITADEL',				'HD_NAT_CITADEL_ADJUST_' || BuildingType || '_CULTURE'
from Buildings where PrereqDistrict = 'DISTRICT_ENCAMPMENT' and TraitType is null and BuildingType in (select BuildingType from HD_BuildingTiers);

insert or replace into Modifiers
	(ModifierId,														ModifierType,												RunOnce,	Permanent,	SubjectRequirementSetId)
values
	('HD_NAT_CITADEL_GRANT_WALLS',										'MODIFIER_SINGLE_CITY_GRANT_BUILDING_IN_CITY_IGNORE',		1,			1,			NULL),
	('HD_NAT_CITADEL_GRANT_CASTLE',										'MODIFIER_SINGLE_CITY_GRANT_BUILDING_IN_CITY_IGNORE',		1,			1,			NULL),
	('HD_NAT_CITADEL_ENCAMPMENT_ADJACENCY',								'MODIFIER_PLAYER_DISTRICTS_ADJUST_YIELD_MODIFIER',			0,			0,			'DISTRICT_IS_DISTRICT_ENCAMPMENT_REQUIREMENTS'),
	('HD_NAT_CITADEL_ENCAMPMENT_ADJACENCY_CULTURE',						'MODIFIER_PLAYER_DISTRICTS_ADJUST_YIELD_MODIFIER',			0,			0,			'DISTRICT_IS_DISTRICT_ENCAMPMENT_REQUIREMENTS'),
	('HD_NAT_CITADEL_MILITARY_ENGINEER_CHARGE',							'MODIFIER_PLAYER_UNITS_ADJUST_BUILDER_CHARGES',				0,			1,			'UNIT_IS_UNIT_MILITARY_ENGINEER_REQUIREMENTS'),
	('HD_NAT_CITADEL_MILITARY_ENGINEER_MOVEMENT',						'MODIFIER_PLAYER_UNITS_ADJUST_MOVEMENT',					0,			1,			'UNIT_IS_UNIT_MILITARY_ENGINEER_REQUIREMENTS');
	--('HD_NAT_CITADEL_ADJUST_ENCAMPMENT_DISTRICT_PRODUCTION_ATTACH',		'MODIFIER_PLAYER_CITIES_ATTACH_MODIFIER',				0,			0,			NULL),
	--('HD_NAT_CITADEL_ADJUST_ENCAMPMENT_DISTRICT_CULTURE_ATTACH',		'MODIFIER_PLAYER_CITIES_ATTACH_MODIFIER',					0,			0,			NULL),
	--('HD_NAT_CITADEL_ADJUST_ENCAMPMENT_DISTRICT_PRODUCTION',			'MODIFIER_CITY_DISTRICTS_ADJUST_YIELD_CHANGE',				0,			0,			'DISTRICT_IS_ENCAMPMENT'),
	--('HD_NAT_CITADEL_ADJUST_ENCAMPMENT_DISTRICT_CULTURE',				'MODIFIER_CITY_DISTRICTS_ADJUST_YIELD_CHANGE',				0,			0,			'DISTRICT_IS_ENCAMPMENT');

insert or replace into Modifiers
	(ModifierId,														ModifierType)
select
	'HD_NAT_CITADEL_ADJUST_' || BuildingType || '_PRODUCTION',			'MODIFIER_PLAYER_CITIES_ADJUST_BUILDING_YIELD_CHANGE'
from Buildings where PrereqDistrict = 'DISTRICT_ENCAMPMENT' and TraitType is null and BuildingType in (select BuildingType from HD_BuildingTiers);

insert or replace into Modifiers
	(ModifierId,														ModifierType)
select
	'HD_NAT_CITADEL_ADJUST_' || BuildingType || '_CULTURE',				'MODIFIER_PLAYER_CITIES_ADJUST_BUILDING_YIELD_CHANGE'
from Buildings where PrereqDistrict = 'DISTRICT_ENCAMPMENT' and TraitType is null and BuildingType in (select BuildingType from HD_BuildingTiers);

insert or replace into ModifierArguments
	(ModifierId,														Name,					Value)
values
	('HD_NAT_CITADEL_GRANT_WALLS',										'BuildingType',			'BUILDING_WALLS'),
	('HD_NAT_CITADEL_GRANT_CASTLE',										'BuildingType',			'BUILDING_CASTLE'),
	('HD_NAT_CITADEL_ENCAMPMENT_ADJACENCY',								'YieldType',			'YIELD_PRODUCTION'),
	('HD_NAT_CITADEL_ENCAMPMENT_ADJACENCY',								'Amount',				100),
	('HD_NAT_CITADEL_ENCAMPMENT_ADJACENCY_CULTURE',						'YieldType',			'YIELD_CULTURE'),
	('HD_NAT_CITADEL_ENCAMPMENT_ADJACENCY_CULTURE',						'Amount',				100),
	('HD_NAT_CITADEL_MILITARY_ENGINEER_CHARGE',							'Amount',				1),
	('HD_NAT_CITADEL_MILITARY_ENGINEER_MOVEMENT',						'Amount',				1);
	--('HD_NAT_CITADEL_ADJUST_ENCAMPMENT_DISTRICT_PRODUCTION_ATTACH',		'ModifierId',			'HD_NAT_CITADEL_ADJUST_ENCAMPMENT_DISTRICT_PRODUCTION'),
	--('HD_NAT_CITADEL_ADJUST_ENCAMPMENT_DISTRICT_CULTURE_ATTACH',		'ModifierId',			'HD_NAT_CITADEL_ADJUST_ENCAMPMENT_DISTRICT_CULTURE'),
	--('HD_NAT_CITADEL_ADJUST_ENCAMPMENT_DISTRICT_PRODUCTION',			'YieldType',			'YIELD_PRODUCTION'),
	--('HD_NAT_CITADEL_ADJUST_ENCAMPMENT_DISTRICT_PRODUCTION',			'Amount',				2),
	--('HD_NAT_CITADEL_ADJUST_ENCAMPMENT_DISTRICT_CULTURE',				'YieldType',			'YIELD_CULTURE'),
	--('HD_NAT_CITADEL_ADJUST_ENCAMPMENT_DISTRICT_CULTURE',				'Amount',				2);

insert or replace into ModifierArguments
	(ModifierId,														Name,					Value)
select
	'HD_NAT_CITADEL_ADJUST_' || BuildingType || '_PRODUCTION',			'BuildingType',			BuildingType
from Buildings where PrereqDistrict = 'DISTRICT_ENCAMPMENT' and TraitType is null and BuildingType in (select BuildingType from HD_BuildingTiers);

insert or replace into ModifierArguments
	(ModifierId,														Name,					Value)
select
	'HD_NAT_CITADEL_ADJUST_' || BuildingType || '_PRODUCTION',			'YieldType',			'YIELD_PRODUCTION'
from Buildings where PrereqDistrict = 'DISTRICT_ENCAMPMENT' and TraitType is null and BuildingType in (select BuildingType from HD_BuildingTiers);

insert or replace into ModifierArguments
	(ModifierId,														Name,					Value)
select
	'HD_NAT_CITADEL_ADJUST_' || BuildingType || '_PRODUCTION',			'Amount',				2
from Buildings where PrereqDistrict = 'DISTRICT_ENCAMPMENT' and TraitType is null and BuildingType in (select BuildingType from HD_BuildingTiers);

insert or replace into ModifierArguments
	(ModifierId,														Name,					Value)
select
	'HD_NAT_CITADEL_ADJUST_' || BuildingType || '_CULTURE',				'BuildingType',			BuildingType
from Buildings where PrereqDistrict = 'DISTRICT_ENCAMPMENT' and TraitType is null and BuildingType in (select BuildingType from HD_BuildingTiers);

insert or replace into ModifierArguments
	(ModifierId,														Name,					Value)
select
	'HD_NAT_CITADEL_ADJUST_' || BuildingType || '_CULTURE',				'YieldType',			'YIELD_CULTURE'
from Buildings where PrereqDistrict = 'DISTRICT_ENCAMPMENT' and TraitType is null and BuildingType in (select BuildingType from HD_BuildingTiers);

insert or replace into ModifierArguments
	(ModifierId,														Name,					Value)
select
	'HD_NAT_CITADEL_ADJUST_' || BuildingType || '_CULTURE',				'Amount',				2
from Buildings where PrereqDistrict = 'DISTRICT_ENCAMPMENT' and TraitType is null and BuildingType in (select BuildingType from HD_BuildingTiers);

-- 圣殿 --------------------------------------------------------------------------------------------------------------------------------------------------------
	-- 修改解锁条件和造价
update Buildings set PrereqTech = NULL, PrereqCivic = 'CIVIC_THEOLOGY', cost = 420 where BuildingType = 'NAT_WONDER_CL_TEMPLE';
update Buildings set PrereqTech = NULL, PrereqCivic = 'CIVIC_THEOLOGY', cost = 420 where BuildingType = 'NAT_WONDER_CL_TEMPLE_INTERNAL';
	-- 修改建造条件
update RequirementArguments set Value = 5 where RequirementId = 'REQ_CL_PLAYER_HAS_X_CITIES_WITH_RELIGION' and Name = 'Count';
	-- 修改特效
update ModifierArguments set Value = 20 where ModifierId = 'CL_NAT_WONDER_ADJUST_RELIGION_PRESSURE' and Name = 'Amount';
update Modifiers set SubjectStackLimit = 5 where ModifierId = 'CL_NAT_WONDER_ADJUST_RELIGION_PRESSURE';
update Modifiers set SubjectStackLimit = 5 where ModifierId = 'CL_NAT_WONDER_ADJUST_RELIGION_DISTANCE';

delete from BuildingModifiers where BuildingType = 'NAT_WONDER_CL_TEMPLE';

insert or replace into Building_GreatWorks (BuildingType, GreatWorkSlotType, NumSlots)
values ('NAT_WONDER_CL_TEMPLE', 'GREATWORKSLOT_RELIC', 2),('NAT_WONDER_CL_TEMPLE_INTERNAL', 'GREATWORKSLOT_RELIC', 2);

insert or replace into BuildingModifiers
	(BuildingType,					ModifierId)
values
	('NAT_WONDER_CL_TEMPLE',		'HD_NAT_TEMPLE_ADJUST_RELIGION_PRESSURE_ATTACH'),
	('NAT_WONDER_CL_TEMPLE',		'HD_NAT_TEMPLE_ADJUST_RELIGION_DISTANCE_ATTACH'),
	('NAT_WONDER_CL_TEMPLE',		'HD_NAT_TEMPLE_CULTURE_PER_CITY_FOLLOWING_RELIGION'), -- FOREIGN_
	('NAT_WONDER_CL_TEMPLE',		'HD_NAT_TEMPLE_SCIENCE_PER_CITY_FOLLOWING_RELIGION'); -- FOREIGN_

insert or replace into Modifiers
	(ModifierId,											ModifierType,											SubjectRequirementSetId)
values
	('HD_NAT_TEMPLE_ADJUST_RELIGION_PRESSURE_ATTACH',		'MODIFIER_PLAYER_CITIES_ATTACH_MODIFIER',				'HD_CITY_HAS_RELIGIOUS_TIER_3_BUILDING_REQUIREMENTS'),
	('HD_NAT_TEMPLE_ADJUST_RELIGION_DISTANCE_ATTACH',		'MODIFIER_PLAYER_CITIES_ATTACH_MODIFIER',				'HD_CITY_HAS_RELIGIOUS_TIER_3_BUILDING_REQUIREMENTS'),
	('HD_NAT_TEMPLE_CULTURE_PER_CITY_FOLLOWING_RELIGION',	'MODIFIER_PLAYER_RELIGION_ADD_RELIGIOUS_BELIEF_YIELD',		NULL),
	('HD_NAT_TEMPLE_SCIENCE_PER_CITY_FOLLOWING_RELIGION',	'MODIFIER_PLAYER_RELIGION_ADD_RELIGIOUS_BELIEF_YIELD',		NULL);

insert or replace into ModifierArguments
	(ModifierId,											Name,					Value)
values
	('HD_NAT_TEMPLE_ADJUST_RELIGION_PRESSURE_ATTACH',		'ModifierId',			'CL_NAT_WONDER_ADJUST_RELIGION_PRESSURE'),
	('HD_NAT_TEMPLE_ADJUST_RELIGION_DISTANCE_ATTACH',		'ModifierId',			'CL_NAT_WONDER_ADJUST_RELIGION_DISTANCE'),
	('HD_NAT_TEMPLE_CULTURE_PER_CITY_FOLLOWING_RELIGION',	'BeliefYieldType',		'BELIEF_YIELD_PER_CITY'),
	('HD_NAT_TEMPLE_CULTURE_PER_CITY_FOLLOWING_RELIGION',	'YieldType',			'YIELD_CULTURE'),
	('HD_NAT_TEMPLE_CULTURE_PER_CITY_FOLLOWING_RELIGION',	'Amount',				1),
	('HD_NAT_TEMPLE_CULTURE_PER_CITY_FOLLOWING_RELIGION',	'PerXItems',			1),
	('HD_NAT_TEMPLE_SCIENCE_PER_CITY_FOLLOWING_RELIGION',	'BeliefYieldType',		'BELIEF_YIELD_PER_CITY'),
	('HD_NAT_TEMPLE_SCIENCE_PER_CITY_FOLLOWING_RELIGION',	'YieldType',			'YIELD_SCIENCE'),
	('HD_NAT_TEMPLE_SCIENCE_PER_CITY_FOLLOWING_RELIGION',	'Amount',				1),
	('HD_NAT_TEMPLE_SCIENCE_PER_CITY_FOLLOWING_RELIGION',	'PerXItems',			1);

-- 国家主题公园 ------------------------------------------------------------------------------------------------------------------------------------------------
	-- 修改解锁条件和造价
update Buildings set PrereqTech = 'TECH_BIOLOGY_HD', PrereqCivic = NULL, cost = 1800, RegionalRange = 9 where BuildingType = 'NAT_WONDER_CL_THEMEPARK';
update Buildings set PrereqTech = 'TECH_BIOLOGY_HD', PrereqCivic = NULL, cost = 1800, RegionalRange = 9 where BuildingType = 'NAT_WONDER_CL_THEMEPARK_INTERNAL';
	-- 修改本体产出
insert or replace into Building_YieldChanges
	(BuildingType,							YieldType,			YieldChange)
values
	('NAT_WONDER_CL_THEMEPARK',				'YIELD_CULTURE',	3),
	('NAT_WONDER_CL_THEMEPARK',				'YIELD_GOLD',		9),
	('NAT_WONDER_CL_THEMEPARK_INTERNAL',	'YIELD_CULTURE',	3),
	('NAT_WONDER_CL_THEMEPARK_INTERNAL',	'YIELD_GOLD',		9);
update Building_YieldChangesBonusWithPower set YieldType = 'YIELD_CULTURE', YieldChange = 2 where BuildingType = 'NAT_WONDER_CL_THEMEPARK';
update Building_YieldChangesBonusWithPower set YieldType = 'YIELD_CULTURE', YieldChange = 2 where BuildingType = 'NAT_WONDER_CL_THEMEPARK_INTERNAL';

	-- 修改特效
delete from BuildingModifiers where BuildingType = 'NAT_WONDER_CL_THEMEPARK'
	and (ModifierId = 'CL_NAT_WONDER_ADJUST_TOURISM_ENTERTAINMENT' or ModifierId = 'CL_NAT_WONDER_ADJUST_TOURISM_ENTERTAINMENT_ADJACENT');

insert or replace into BuildingModifiers
	(BuildingType,					ModifierId)
values
	('NAT_WONDER_CL_THEMEPARK',		'HD_NAT_THEMEPARK_CAMP_TOURISM'),
	('NAT_WONDER_CL_THEMEPARK',		'HD_NAT_THEMEPARK_PASTURE_TOURISM'),
	('NAT_WONDER_CL_THEMEPARK',		'HD_NAT_THEMEPARK_FISHBOAT_TOURISM'),
	('NAT_WONDER_CL_THEMEPARK',		'HD_NAT_THEMEPARK_WONDER_TOURISM');

insert or replace into Modifiers
	(ModifierId,							ModifierType,									SubjectRequirementSetId)
values
	('HD_NAT_THEMEPARK_CAMP_TOURISM',		'MODIFIER_PLAYER_CITIES_ADJUST_TOURISM',		'HD_CITY_HAS_ZOO'),
	('HD_NAT_THEMEPARK_PASTURE_TOURISM',	'MODIFIER_PLAYER_CITIES_ADJUST_TOURISM',		'HD_CITY_HAS_ZOO'),
	('HD_NAT_THEMEPARK_FISHBOAT_TOURISM',	'MODIFIER_PLAYER_CITIES_ADJUST_TOURISM',		'HD_CITY_HAS_AQUARIUM'),
	('HD_NAT_THEMEPARK_WONDER_TOURISM',		'MODIFIER_PLAYER_CITIES_ADJUST_TOURISM',		'HD_CITY_ALL_ENTERTAINMENT');

insert or replace into ModifierArguments
	(ModifierId,											Name,					Value)
values
	('HD_NAT_THEMEPARK_CAMP_TOURISM',						'ImprovementType',		'IMPROVEMENT_CAMP'),
	('HD_NAT_THEMEPARK_CAMP_TOURISM',						'ScalingFactor',		150),
	('HD_NAT_THEMEPARK_PASTURE_TOURISM',					'ImprovementType',		'IMPROVEMENT_PASTURE'),
	('HD_NAT_THEMEPARK_PASTURE_TOURISM',					'ScalingFactor',		150),
	('HD_NAT_THEMEPARK_FISHBOAT_TOURISM',					'ImprovementType',		'IMPROVEMENT_FISHING_BOATS'),
	('HD_NAT_THEMEPARK_FISHBOAT_TOURISM',					'ScalingFactor',		150),
	('HD_NAT_THEMEPARK_WONDER_TOURISM',						'BoostsWonders',		1),
	('HD_NAT_THEMEPARK_WONDER_TOURISM',						'ScalingFactor',		400);

insert or ignore into RequirementSets
	(RequirementSetId,						RequirementSetType)
values
	('HD_CITY_HAS_ZOO',						'REQUIREMENTSET_TEST_ALL'),
	('HD_CITY_HAS_AQUARIUM', 				'REQUIREMENTSET_TEST_ALL'),
	('HD_CITY_ALL_ENTERTAINMENT', 			'REQUIREMENTSET_TEST_ANY');

insert or ignore into RequirementSetRequirements
	(RequirementSetId,						RequirementId)
values
	('HD_CITY_HAS_ZOO',						'REQUIRES_CITY_HAS_BUILDING_ZOO'),
	('HD_CITY_HAS_AQUARIUM',				'REQUIRES_CITY_HAS_BUILDING_AQUARIUM'),
	('HD_CITY_ALL_ENTERTAINMENT',			'REQUIRES_CITY_HAS_DISTRICT_ENTERTAINMENT_COMPLEX'),
	('HD_CITY_ALL_ENTERTAINMENT',			'REQUIRES_CITY_HAS_DISTRICT_WATER_ENTERTAINMENT_COMPLEX');

CREATE TEMPORARY TABLE 'HD_DistrictTourism'(
    'DistrictType' TEXT NOT NULL,
    'YieldType' TEXT NOT NULL
);

insert or replace into HD_DistrictTourism
	(DistrictType,					YieldType)
values
	('DISTRICT_HOLY_SITE',			'YIELD_FAITH'),
	('DISTRICT_CAMPUS',				'YIELD_SCIENCE'),
	('DISTRICT_COMMERCIAL_HUB',		'YIELD_GOLD'),
	('DISTRICT_THEATER',			'YIELD_CULTURE'),
	('DISTRICT_INDUSTRIAL_ZONE',	'YIELD_PRODUCTION');

insert or replace into BuildingModifiers
	(BuildingType,					ModifierId)
select
	'NAT_WONDER_CL_THEMEPARK',		'HD_NAT_THEMEPARK' || DistrictType || '_TOURISM'
from HD_DistrictTourism;

insert or replace into Modifiers
	(ModifierId,										ModifierType,															SubjectRequirementSetId)
select
	'HD_NAT_THEMEPARK' || DistrictType || '_TOURISM',	'MODIFIER_PLAYER_DISTRICTS_ADJUST_TOURISM_ADJACENCY_YIELD_MOFIFIER',	'HD_IS_BREATHTAKING_' || DistrictType
from HD_DistrictTourism;

insert or replace into ModifierArguments
	(ModifierId,										Name,			Value)
select
	'HD_NAT_THEMEPARK' || DistrictType || '_TOURISM',	'YieldType',	YieldType
from HD_DistrictTourism;

insert or replace into ModifierArguments
	(ModifierId,										Name,			Value)
select
	'HD_NAT_THEMEPARK' || DistrictType || '_TOURISM',	'Amount',		100
from HD_DistrictTourism;

insert or ignore into RequirementSets
	(RequirementSetId,							RequirementSetType)
select
	'HD_IS_BREATHTAKING_' || DistrictType,		'REQUIREMENTSET_TEST_ALL'
from HD_DistrictTourism;

insert or ignore into RequirementSetRequirements
	(RequirementSetId,							RequirementId)
select
	'HD_IS_BREATHTAKING_' || DistrictType,		'REQUIRES_DISTRICT_IS_' || DistrictType
from HD_DistrictTourism;

insert or ignore into RequirementSetRequirements
	(RequirementSetId,							RequirementId)
select
	'HD_IS_BREATHTAKING_' || DistrictType,		'REQUIRES_PLOT_BREATHTAKING_APPEAL'
from HD_DistrictTourism;