--朱棣
delete from TraitModifiers where TraitType = 'TRAIT_LEADER_YONGLE';
insert or replace into Modifiers
	(ModifierId,								ModifierType)
values
	('JUDY_TRADE_ENVOY',						'MODIFIER_PLAYER_GRANT_INFLUENCE_TOKEN'),
	('JUDY_TRADE_GOLD_INTERNATIONAL',			'MODIFIER_PLAYER_ADJUST_TRADE_ROUTE_YIELD_FOR_INTERNATIONAL'),
	('JUDY_TRADE_GOLD_DOMESTIC',				'MODIFIER_PLAYER_ADJUST_TRADE_ROUTE_YIELD_FOR_DOMESTIC'),
	('JUDY_TRADE_ADD',							'MODIFIER_PLAYER_ADJUST_TRADE_ROUTE_CAPACITY');

insert or replace into ModifierArguments
	(ModifierId,								Name,			Value)
values
	('JUDY_TRADE_ENVOY',						'Amount',		1),
	('JUDY_TRADE_GOLD_INTERNATIONAL',			'Amount',		2),
	('JUDY_TRADE_GOLD_INTERNATIONAL',			'YieldType',	'YIELD_GOLD'),
	('JUDY_TRADE_GOLD_DOMESTIC',				'Amount',		2),
	('JUDY_TRADE_GOLD_DOMESTIC',				'YieldType',	'YIELD_GOLD'),
	('JUDY_TRADE_ADD',							'Amount',		1);

--武则天
delete from TraitModifiers where TraitType = 'TRAIT_LEADER_WU_ZETIAN';
insert or replace into TraitModifiers
	(TraitType,						ModifierId)
values
	('TRAIT_LEADER_WU_ZETIAN',		'WU_ZETIAN_GREAT_PERSON'),
	('TRAIT_LEADER_WU_ZETIAN',		'WU_ZETIAN_GREAT_PERSON_LATE');
insert or replace into Modifiers
	(ModifierId,								ModifierType,													SubjectRequirementSetId)
values
	('WU_ZETIAN_GREAT_PERSON',					'MODIFIER_PLAYER_CITIES_ADJUST_GREAT_PERSON_POINT_BONUS',		'CITY_HAS_BUILDING_PALACE_REQUIREMENTS'),
	('WU_ZETIAN_GREAT_PERSON_LATE',				'MODIFIER_PLAYER_CITIES_ADJUST_GREAT_PERSON_POINT_BONUS',		'WU_ZETIAN_GREAT_PERSON_LATE_REQUIREMENTS');
insert or replace into ModifierArguments
	(ModifierId,								Name,			Value)
values
	('WU_ZETIAN_GREAT_PERSON',					'Amount',		50),
	('WU_ZETIAN_GREAT_PERSON_LATE',				'Amount',		50);
insert or ignore into RequirementSets
	(RequirementSetId,										RequirementSetType)
values
	('WU_ZETIAN_GREAT_PERSON_LATE_REQUIREMENTS',			'REQUIREMENTSET_TEST_ALL');
insert or ignore into RequirementSetRequirements
	(RequirementSetId,										RequirementId)
values
	('WU_ZETIAN_GREAT_PERSON_LATE_REQUIREMENTS',			'REQUIRES_CITY_HAS_BUILDING_PALACE'),
	('WU_ZETIAN_GREAT_PERSON_LATE_REQUIREMENTS',			'REQUIRES_PLAYER_HAS_CIVIC_IMPERIAL_EXAMINATION_SYSTEM_HD');
insert or replace into Modifiers
	(ModifierId,								ModifierType,										SubjectRequirementSetId)
select
	'WU_ZETIAN_' || GreatPersonClassType,		'MODIFIER_PLAYER_DISTRICTS_ADJUST_YIELD_CHANGE',	'DISTRICT_IS_' || DistrictType || '_REQUIREMENTS'
from GreatPersonClasses;
insert or replace into ModifierArguments
	(ModifierId,									Name,			Value)
select
	'WU_ZETIAN_' || GreatPersonClassType,			'Amount',		2
from GreatPersonClasses;
insert or replace into ModifierArguments
	(ModifierId,									Name,			Value)
values	
	('WU_ZETIAN_GREAT_PERSON_CLASS_GENERAL',		'YieldType',	'YIELD_PRODUCTION'),
	('WU_ZETIAN_GREAT_PERSON_CLASS_ADMIRAL',		'YieldType',	'YIELD_FOOD'),
	('WU_ZETIAN_GREAT_PERSON_CLASS_ENGINEER',		'YieldType',	'YIELD_PRODUCTION'),
	('WU_ZETIAN_GREAT_PERSON_CLASS_MERCHANT',		'YieldType',	'YIELD_GOLD'),
	('WU_ZETIAN_GREAT_PERSON_CLASS_PROPHET',		'YieldType',	'YIELD_FAITH'),
	('WU_ZETIAN_GREAT_PERSON_CLASS_SCIENTIST',		'YieldType',	'YIELD_SCIENCE'),
	('WU_ZETIAN_GREAT_PERSON_CLASS_WRITER',			'YieldType',	'YIELD_CULTURE'),
	('WU_ZETIAN_GREAT_PERSON_CLASS_ARTIST',			'YieldType',	'YIELD_CULTURE'),
	('WU_ZETIAN_GREAT_PERSON_CLASS_MUSICIAN',		'YieldType',	'YIELD_CULTURE');

--武老秦
delete from TraitModifiers where TraitType = 'TRAIT_LEADER_QIN';
insert or replace into TraitModifiers
	(TraitType,						ModifierId)
values
	('TRAIT_LEADER_QIN',			'QIN_ANCIENT_MELEE_SPEED'),
	('TRAIT_LEADER_QIN',			'QIN_CLASSICAL_MELEE_SPEED');
insert or replace into Modifiers
	(ModifierId,								ModifierType)
values
	('QIN_ANCIENT_MELEE_SPEED',					'MODIFIER_PLAYER_CITIES_ADJUST_UNIT_TAG_ERA_PRODUCTION'),
	('QIN_CLASSICAL_MELEE_SPEED',				'MODIFIER_PLAYER_CITIES_ADJUST_UNIT_TAG_ERA_PRODUCTION');
insert or replace into ModifierArguments
	(ModifierId,								Name,					Value)
values
	('QIN_ANCIENT_MELEE_SPEED',					'Amount',				50),
	('QIN_ANCIENT_MELEE_SPEED',					'EraType',				'ERA_ANCIENT'),
	('QIN_ANCIENT_MELEE_SPEED',					'UnitPromotionClass',	'PROMOTION_CLASS_MELEE'),
	('QIN_CLASSICAL_MELEE_SPEED',				'Amount',				50),
	('QIN_CLASSICAL_MELEE_SPEED',				'EraType',				'ERA_CLASSICAL'),
	('QIN_CLASSICAL_MELEE_SPEED',				'UnitPromotionClass',	'PROMOTION_CLASS_MELEE');
--特色伟人
insert or replace into Types
	(Type,								Kind)
values
	('TRAIT_LEADER_UNIT_KEQING',		'KIND_TRAIT'),
	('UNIT_KEQING',						'KIND_UNIT'),
	('GREAT_PERSON_CLASS_KEQING',		'KIND_GREAT_PERSON_CLASS'),
	('ABILITY_KEQING_AOE_MOVEMENT',		'KIND_ABILITY'),
	('ABILITY_KEQING_AOE_STRENGTH',		'KIND_ABILITY'),
	('ABILITY_GREATWORK_WEILIAO_HD',	'KIND_ABILITY');
insert or replace into Traits
	(TraitType,												Name,															Description)
values
	('TRAIT_LEADER_UNIT_KEQING',							'LOC_TRAIT_LEADER_UNIT_KEQING_NAME',							'LOC_TRAIT_LEADER_UNIT_KEQING_DESCRIPTION');
insert or replace into LeaderTraits
	(TraitType,								LeaderType)
values
	('TRAIT_LEADER_UNIT_KEQING',			'LEADER_QIN_ALT');

insert or replace into Units
	(UnitType,
	Name,
	Description,
	TraitType,
	Cost,
	BaseSightRange,
	BaseMoves,
	ZoneOfControl,
	Domain,
	FormationClass,
	CanCapture,
	CanRetreatWhenCaptured,
	CanTrain,
	CanEarnExperience
	)
values
	(
	'UNIT_KEQING',
	'LOC_UNIT_KEQING_NAME',
	'LOC_UNIT_KEQING_DESCRIPTION',
	'TRAIT_LEADER_UNIT_KEQING',
	1,
	2,
	4,
	0,
	'DOMAIN_LAND',
	'FORMATION_CLASS_CIVILIAN',
	0,
	1,
	0,
	0
);
insert or replace into UnitAiInfos
	(UnitType,				AiType)
values
	('UNIT_KEQING',			'UNITTYPE_CIVILIAN');
insert or replace into TypeTags
	(Type,					Tag)
values
	('UNIT_KEQING',			'CLASS_LANDCIVILIAN'),
	('UNIT_KEQING',			'CLASS_ALL_ERAS');
--历史时刻（需要改）	
insert or replace into MomentIllustrations
	(MomentIllustrationType, 					MomentDataType,				GameDataType,				Texture)
values
	('MOMENT_ILLUSTRATION_UNIQUE_UNIT', 		'MOMENT_DATA_UNIT',			'UNIT_KEQING',				'UNIT_KEQING_MONMENT.dds');
insert or replace into GreatPersonClasses
	(
	GreatPersonClassType,
	Name,
	UnitType,
	DistrictType,
	AvailableInTimeline,
	GenerateDuplicateIndividuals,
	PseudoYieldType,
	IconString,
	ActionIcon
	)
values
	(
	'GREAT_PERSON_CLASS_KEQING',
	'LOC_UNIT_KEQING_NAME',
	'UNIT_KEQING',
	'DISTRICT_CITY_CENTER',
	0,
	1,
	'PSEUDOYIELD_GPP_GENERAL',
	'[ICON_GreatGeneral]',
	'ICON_UNITOPERATION_GENERAL_ACTION'
);

create temporary table HD_KEQING(
	GreatPersonIndividualType text not null,
	GreatPersonClassType text,
	Gender text,
	EraType text,
	ActionCharges int,
	Sort int,
	primary key (GreatPersonIndividualType)
);

insert or replace into HD_KEQING
	(GreatPersonIndividualType,				GreatPersonClassType,			Gender,			EraType,		ActionCharges,	Sort)
values
	('GREAT_PERSON_INDIVIDUAL_MENGTIAN',	'GREAT_PERSON_CLASS_KEQING',	'M',			'ERA_ANCIENT',	1,				1),
	('GREAT_PERSON_INDIVIDUAL_MENGYI',		'GREAT_PERSON_CLASS_KEQING',	'M',			'ERA_ANCIENT',	1,				1),
	('GREAT_PERSON_INDIVIDUAL_WANGJIAN',	'GREAT_PERSON_CLASS_KEQING',	'M',			'ERA_ANCIENT',	1,				1),
	('GREAT_PERSON_INDIVIDUAL_WANGBEN',		'GREAT_PERSON_CLASS_KEQING',	'M',			'ERA_ANCIENT',	1,				1),
	('GREAT_PERSON_INDIVIDUAL_HANFEI',		'GREAT_PERSON_CLASS_KEQING',	'M',			'ERA_ANCIENT',	0,				2),
	('GREAT_PERSON_INDIVIDUAL_MENGAO',		'GREAT_PERSON_CLASS_KEQING',	'M',			'ERA_ANCIENT',	3,				1),
	('GREAT_PERSON_INDIVIDUAL_GANLUO',		'GREAT_PERSON_CLASS_KEQING',	'M',			'ERA_ANCIENT',	1,				2),
	('GREAT_PERSON_INDIVIDUAL_MENGWU',		'GREAT_PERSON_CLASS_KEQING',	'M',			'ERA_ANCIENT',	1,				1),
	('GREAT_PERSON_INDIVIDUAL_LISI',		'GREAT_PERSON_CLASS_KEQING',	'M',			'ERA_ANCIENT',	1,				2),
	('GREAT_PERSON_INDIVIDUAL_LVBUWEI',		'GREAT_PERSON_CLASS_KEQING',	'M',			'ERA_ANCIENT',	1,				2),
	('GREAT_PERSON_INDIVIDUAL_WEILIAO',		'GREAT_PERSON_CLASS_KEQING',	'M',			'ERA_ANCIENT',	0,				2),
	('GREAT_PERSON_INDIVIDUAL_ZHAOTUO',		'GREAT_PERSON_CLASS_KEQING',	'M',			'ERA_ANCIENT',	1,				2);
insert or replace into Types
	(Type,							Kind)
select
	GreatPersonIndividualType,		'KIND_GREAT_PERSON_INDIVIDUAL'
from HD_KEQING;
insert or replace into GreatPersonIndividuals
	(
	GreatPersonIndividualType,
	GreatPersonClassType,
	Name,
	Gender,
	EraType,
	ActionCharges,
	ActionEffectTileHighlighting,
	AreaHighlightRadius,
	ActionNameTextOverride
	)
select
	GreatPersonIndividualType,
	GreatPersonClassType,
	'LOC_' || GreatPersonIndividualType || '_NAME',
	Gender,
	EraType,
	ActionCharges,
	0,
	2,
	'LOC_GREATPERSON_ACTION_NAME_RETIRE'
from HD_KEQING;
update GreatPersonIndividuals set ActionEffectTileHighlighting = 1 where GreatPersonIndividualType = 'GREAT_PERSON_INDIVIDUAL_HANFEI' or GreatPersonIndividualType = 'GREAT_PERSON_INDIVIDUAL_WEILIAO';
update GreatPersonIndividuals set ActionRequiresOwnedTile = 0, ActionRequiresUnitCanGainExperience = 1, ActionRequiresMilitaryUnitDomain = 'DOMAIN_LAND' where GreatPersonIndividualType = 'GREAT_PERSON_INDIVIDUAL_MENGAO';
--客卿效果(常驻)
insert or replace into GreatPersonIndividualBirthModifiers
	(GreatPersonIndividualType,							ModifierId)
select
	GreatPersonIndividualType,							'GREATPERSON_MOVEMENT_AOE_KEQING'
from HD_KEQING where Sort = 2;
insert or replace into GreatPersonIndividualBirthModifiers
	(GreatPersonIndividualType,							ModifierId)
select
	GreatPersonIndividualType,							'GREATPERSON_STRENGTH_AOE_KEQING'
from HD_KEQING where Sort = 1;
insert or replace into Modifiers
	(ModifierId,								ModifierType,											SubjectRequirementSetId)
values
	('GREATPERSON_MOVEMENT_AOE_KEQING',			'MODIFIER_PLAYER_UNITS_GRANT_ABILITY',					'AOE_LAND_REQUIREMENTS'),
	('GREAT_KEQING_MOVEMENT',					'MODIFIER_PLAYER_UNIT_ADJUST_MOVEMENT',					NULL),
	('GREATPERSON_STRENGTH_AOE_KEQING',			'MODIFIER_PLAYER_UNITS_GRANT_ABILITY',					'AOE_LAND_REQUIREMENTS'),
	('GREAT_KEQING_STRENGTH',					'MODIFIER_UNIT_ADJUST_COMBAT_STRENGTH',					NULL),
	('MENGTIAN_GREATWALL_CULTURE',				'MODIFIER_PLAYER_CITIES_ATTACH_MODIFIER',				NULL),
	('MENGTIAN_GREATWALL_CULTURE_MODIFIER',		'MODIFIER_CITY_PLOT_YIELDS_ADJUST_PLOT_YIELD',			'PLOT_HAS_IMPROVEMENT_GREAT_WALL_REQUIREMENTS'),
	('MENGTIAN_TEXT',							'MODIFIER_DO_NOTHING',									NULL),
	('MENGYI_GOVERNORS',						'MODIFIER_PLAYER_ADJUST_GOVERNOR_POINTS',				NULL),
	('MENGYI_TEXT',								'MODIFIER_DO_NOTHING',									NULL),
	('WANGJIAN_HILLS',							'MODIFIER_PLAYER_UNITS_GRANT_ABILITY',					NULL),
	('WANGJIAN_TEXT',							'MODIFIER_DO_NOTHING',									NULL),
	('WANGBEN_WALL',							'MODIFIER_PLAYER_UNITS_ATTACH_MODIFIER',				'REQUIREMENTS_UNIT_IS_LAND_DOMAIN'),
	('WANGBEN_WALL_MODIFIER',					'MODIFIER_UNIT_ADJUST_COMBAT_STRENGTH',					'OPPONENT_IS_DISTRICT_REQUIREMENTS'),
	('WANGBEN_TEXT',							'MODIFIER_DO_NOTHING',									NULL),
	('MENGAO_LEVEL',							'MODIFIER_PLAYER_UNIT_ADJUST_GRANT_EXPERIENCE',			NULL),
	('MENGAO_TEXT',								'MODIFIER_DO_NOTHING',									NULL),
	('GANLUO_INFLUENCE',						'MODIFIER_PLAYER_ADJUST_INFLUENCE_POINTS_PER_TURN',		NULL),
	('GANLUO_ENVOY',							'MODIFIER_PLAYER_GRANT_INFLUENCE_TOKEN',				NULL),
	('GANLUO_TEXT',								'MODIFIER_DO_NOTHING',									NULL),
	('MENGWU_MOVEMENT',							'MODIFIER_PLAYER_UNITS_ATTACH_MODIFIER',				'REQUIREMENTS_UNIT_IS_LAND_DOMAIN'),
	('MENGWU_MOVEMENT_MODIFIER',				'MODIFIER_PLAYER_UNIT_ADJUST_MOVEMENT',					'BERSERKER_PLOT_IS_ENEMY_TERRITORY'),
	('MENGWU_TEXT',								'MODIFIER_DO_NOTHING',									NULL),
	('LISI_TEXT',								'MODIFIER_DO_NOTHING',									NULL),
	('LVBUWE_TRADE_CAPACITY',					'MODIFIER_PLAYER_ADJUST_TRADE_ROUTE_CAPACITY',			NULL),
	('LVBUWE_TRADE',							'MODIFIER_PLAYER_CITIES_ATTACH_MODIFIER',				'CITY_HAS_BUILDING_PALACE_REQUIREMENTS'),
	('LVBUWE_TRADE_MODIFIER',					'MODIFIER_SINGLE_CITY_GRANT_UNIT_IN_CITY',				NULL),
	('LVBUWE_AMENITY',							'MODIFIER_PLAYER_CITIES_ADJUST_POLICY_AMENITY',			'CITY_HAS_BUILDING_PALACE_REQUIREMENTS'),
	('LVBUWE_TEXT',								'MODIFIER_DO_NOTHING',									NULL),
	('ZHAOTUO_BUILDER_MOVEMENT',				'MODIFIER_PLAYER_UNITS_ADJUST_MOVEMENT',				'UNIT_IS_BUILDER'),
	('ZHAOTUO_SETTLER_MOVEMENT',				'MODIFIER_PLAYER_UNITS_ADJUST_MOVEMENT',				'UNIT_IS_UNIT_SETTLER_REQUIREMENTS'),
	('ZHAOTUO_TEXT',							'MODIFIER_DO_NOTHING',									NULL),
	('GREATWORK_HANFEI_ATTACH',					'MODIFIER_SINGLE_CITY_ADJUST_UNIT_PRODUCTION',			NULL),
	('GREATWORK_HANFEI_ATTACH_1',				'MODIFIER_SINGLE_CITY_ADJUST_UNIT_PRODUCTION',			NULL),
	('GREATWORK_WEILIAO_ATTACH',				'MODIFIER_PLAYER_UNITS_GRANT_ABILITY',					NULL),
	('GREATWORK_WEILIAO_HD',					'MODIFIER_UNIT_ADJUST_COMBAT_STRENGTH',					NULL);

insert or replace into ModifierArguments
	(ModifierId,									Name,			Value)
values
	('GREATPERSON_MOVEMENT_AOE_KEQING',				'AbilityType',	'ABILITY_KEQING_AOE_MOVEMENT'),
	('GREAT_KEQING_MOVEMENT',						'Amount',		1),
	('GREATPERSON_STRENGTH_AOE_KEQING',				'AbilityType',	'ABILITY_KEQING_AOE_STRENGTH'),
	('GREAT_KEQING_STRENGTH',						'Amount',		5),
	('MENGTIAN_GREATWALL_CULTURE',					'ModifierId',	'MENGTIAN_GREATWALL_CULTURE_MODIFIER'),
	('MENGTIAN_GREATWALL_CULTURE_MODIFIER',			'YieldType',	'YIELD_CULTURE'),
	('MENGTIAN_GREATWALL_CULTURE_MODIFIER',			'Amount',		1),
	('MENGYI_GOVERNORS',							'Delta',		1),
	('WANGJIAN_HILLS',								'AbilityType',	'ABILITY_INCA_IGNORE_HILLS'),
	('WANGBEN_WALL',								'ModifierId',	'WANGBEN_WALL_MODIFIER'),
	('WANGBEN_WALL_MODIFIER',						'Amount',		5),
	('MENGAO_LEVEL',								'Amount',		-1),
	('GANLUO_INFLUENCE',							'Amount',		3),
	('GANLUO_ENVOY',								'Amount',		3),
	('MENGWU_MOVEMENT',								'ModifierId',	'MENGWU_MOVEMENT_MODIFIER'),
	('MENGWU_MOVEMENT_MODIFIER',					'Amount',		1),
	('LVBUWE_TRADE_CAPACITY',						'Amount',		1),
	('LVBUWE_TRADE',								'ModifierId',	'LVBUWE_TRADE_MODIFIER'),
	('LVBUWE_TRADE_MODIFIER',						'Amount',		1),
	('LVBUWE_TRADE_MODIFIER',						'UnitType',		'UNIT_TRADER'),
	('LVBUWE_AMENITY',								'Amount',		1),
	('ZHAOTUO_BUILDER_MOVEMENT',					'Amount',		1),
	('ZHAOTUO_SETTLER_MOVEMENT',					'Amount',		1),
	('GREATWORK_HANFEI_ATTACH',						'UnitType',		'UNIT_SETTLER'),
	('GREATWORK_HANFEI_ATTACH',						'Amount',		25),
	('GREATWORK_HANFEI_ATTACH_1',					'UnitType',		'UNIT_BUILDER'),
	('GREATWORK_HANFEI_ATTACH_1',					'Amount',		25),
	('GREATWORK_WEILIAO_ATTACH',					'AbilityType',	'ABILITY_GREATWORK_WEILIAO_HD'),
	('GREATWORK_WEILIAO_HD',						'Amount',		2);
insert or replace into ModifierStrings
	(ModifierId,									Context,		Text)
values
	('GREATPERSON_MOVEMENT_AOE_KEQING',				'Summary',		'LOC_GREATPERSON_MOVEMENT_AOE_KEQING'),
	('GREATPERSON_STRENGTH_AOE_KEQING',				'Summary',		'LOC_GREATPERSON_STRENGTH_AOE_KEQING'),
	('GREAT_KEQING_STRENGTH',						'Preview',		'+{1_Amount} {LOC_KEQING_STRENGTH}'),
	('MENGTIAN_TEXT',								'Summary',		'LOC_MENGTIAN_GREATWALL_CULTURE'),
	('MENGYI_TEXT',									'Summary',		'LOC_MENGYI_GOVERNORS'),
	('WANGJIAN_TEXT',								'Summary',		'LOC_WANGJIAN_HILLS'),
	('WANGBEN_TEXT',								'Summary',		'LOC_WANGBEN_WALL'),
	('WANGBEN_WALL_MODIFIER',						'Preview',		'+{1_Amount} {LOC_WANGBEN_WALL_TEXT}'),
	('MENGAO_TEXT',									'Summary',		'LOC_MENGAO_LEVEL'),
	('GANLUO_TEXT',									'Summary',		'LOC_GANLUO_ENVOY'),
	('MENGWU_TEXT',									'Summary',		'LOC_MENGWU_MOVEMENT'),
	('LISI_TEXT',									'Summary',		'LOC_LISI_TEXT'),
	('LVBUWE_TEXT',									'Summary',		'LOC_LVBUWE_TEXT'),
	('ZHAOTUO_TEXT',								'Summary',		'LOC_ZHAOTUO_TEXT'),
	('GREATWORK_WEILIAO_HD',						'Preview',		'+{1_Amount} {LOC_KEQING_STRENGTH}');
insert or replace into UnitAbilities
	(UnitAbilityType,					Name,										Description,									Inactive,	ShowFloatTextWhenEarned,	Permanent)
values
	('ABILITY_KEQING_AOE_MOVEMENT',		'LOC_UNIT_KEQING_NAME',						'LOC_ABILITY_KEQING_AOE_MOVEMENT_DESCRIPTION',	1,			0,							0),
	('ABILITY_KEQING_AOE_STRENGTH',		'LOC_UNIT_KEQING_NAME',						'LOC_ABILITY_KEQING_AOE_STRENGTH_DESCRIPTION',	1,			0,							0),
	('ABILITY_GREATWORK_WEILIAO_HD',	NULL,										NULL,											1,			0,							0);
insert or replace into UnitAbilityModifiers 
	(UnitAbilityType,					ModifierId)
values
	('ABILITY_KEQING_AOE_MOVEMENT',		'GREAT_KEQING_MOVEMENT'),
	('ABILITY_KEQING_AOE_STRENGTH',		'GREAT_KEQING_STRENGTH'),
	('ABILITY_GREATWORK_WEILIAO_HD',	'GREATWORK_WEILIAO_HD');
insert or replace into TypeTags
	(Type,								Tag)
values
	('ABILITY_KEQING_AOE_MOVEMENT',		'CLASS_LAND_UNITS'),
	('ABILITY_KEQING_AOE_STRENGTH',		'CLASS_LAND_UNITS'),
	('ABILITY_GREATWORK_WEILIAO_HD',	'CLASS_LAND_UNITS');
insert or replace into GreatPersonIndividualActionModifiers
	(GreatPersonIndividualType,					ModifierId,						AttachmentTargetType)
values
	('GREAT_PERSON_INDIVIDUAL_MENGTIAN',		'MENGTIAN_GREATWALL_CULTURE',	'GREAT_PERSON_ACTION_ATTACHMENT_TARGET_PLAYER'),
	('GREAT_PERSON_INDIVIDUAL_MENGTIAN',		'MENGTIAN_TEXT',				'GREAT_PERSON_ACTION_ATTACHMENT_TARGET_PLAYER'),
	('GREAT_PERSON_INDIVIDUAL_MENGYI',			'MENGYI_GOVERNORS',				'GREAT_PERSON_ACTION_ATTACHMENT_TARGET_PLAYER'),
	('GREAT_PERSON_INDIVIDUAL_MENGYI',			'MENGYI_TEXT',					'GREAT_PERSON_ACTION_ATTACHMENT_TARGET_PLAYER'),
	('GREAT_PERSON_INDIVIDUAL_WANGJIAN',		'WANGJIAN_HILLS',				'GREAT_PERSON_ACTION_ATTACHMENT_TARGET_PLAYER'),
	('GREAT_PERSON_INDIVIDUAL_WANGJIAN',		'WANGJIAN_TEXT',				'GREAT_PERSON_ACTION_ATTACHMENT_TARGET_PLAYER'),
	('GREAT_PERSON_INDIVIDUAL_WANGBEN',			'WANGBEN_WALL',					'GREAT_PERSON_ACTION_ATTACHMENT_TARGET_PLAYER'),
	('GREAT_PERSON_INDIVIDUAL_WANGBEN',			'WANGBEN_TEXT',					'GREAT_PERSON_ACTION_ATTACHMENT_TARGET_PLAYER'),
	('GREAT_PERSON_INDIVIDUAL_MENGAO',			'MENGAO_LEVEL',					'GREAT_PERSON_ACTION_ATTACHMENT_TARGET_UNIT_DOMAIN_MILITARY_IN_TILE'),
	('GREAT_PERSON_INDIVIDUAL_MENGAO',			'MENGAO_TEXT',					'GREAT_PERSON_ACTION_ATTACHMENT_TARGET_PLAYER'),
	('GREAT_PERSON_INDIVIDUAL_GANLUO',			'GANLUO_INFLUENCE',				'GREAT_PERSON_ACTION_ATTACHMENT_TARGET_PLAYER'),
	('GREAT_PERSON_INDIVIDUAL_GANLUO',			'GANLUO_ENVOY',					'GREAT_PERSON_ACTION_ATTACHMENT_TARGET_PLAYER'),
	('GREAT_PERSON_INDIVIDUAL_GANLUO',			'GANLUO_TEXT',					'GREAT_PERSON_ACTION_ATTACHMENT_TARGET_PLAYER'),
	('GREAT_PERSON_INDIVIDUAL_MENGWU',			'MENGWU_MOVEMENT',				'GREAT_PERSON_ACTION_ATTACHMENT_TARGET_PLAYER'),
	('GREAT_PERSON_INDIVIDUAL_MENGWU',			'MENGWU_TEXT',					'GREAT_PERSON_ACTION_ATTACHMENT_TARGET_PLAYER'),
	('GREAT_PERSON_INDIVIDUAL_LISI',			'LISI_TEXT',					'GREAT_PERSON_ACTION_ATTACHMENT_TARGET_PLAYER'),
	('GREAT_PERSON_INDIVIDUAL_LVBUWEI',			'LVBUWE_TRADE_CAPACITY',		'GREAT_PERSON_ACTION_ATTACHMENT_TARGET_PLAYER'),
	('GREAT_PERSON_INDIVIDUAL_LVBUWEI',			'LVBUWE_TRADE',					'GREAT_PERSON_ACTION_ATTACHMENT_TARGET_PLAYER'),
	('GREAT_PERSON_INDIVIDUAL_LVBUWEI',			'LVBUWE_AMENITY',				'GREAT_PERSON_ACTION_ATTACHMENT_TARGET_PLAYER'),	
	('GREAT_PERSON_INDIVIDUAL_LVBUWEI',			'LVBUWE_TEXT',					'GREAT_PERSON_ACTION_ATTACHMENT_TARGET_PLAYER'),
	('GREAT_PERSON_INDIVIDUAL_ZHAOTUO',			'ZHAOTUO_BUILDER_MOVEMENT',		'GREAT_PERSON_ACTION_ATTACHMENT_TARGET_PLAYER'),
	('GREAT_PERSON_INDIVIDUAL_ZHAOTUO',			'ZHAOTUO_SETTLER_MOVEMENT',		'GREAT_PERSON_ACTION_ATTACHMENT_TARGET_PLAYER'),
	('GREAT_PERSON_INDIVIDUAL_ZHAOTUO',			'ZHAOTUO_TEXT',					'GREAT_PERSON_ACTION_ATTACHMENT_TARGET_PLAYER');
--巨作
insert or replace into Types
	(Type,								Kind)
values
	('GREATWORK_HANFEI',				'KIND_GREATWORK'),
	('GREATWORK_WEILIAO',				'KIND_GREATWORK');

insert or replace into GreatWorks
	(GreatWorkType,					GreatWorkObjectType,			GreatPersonIndividualType,				Name,								Audio,				Quote,									Tourism,	EraType)
values
	('GREATWORK_HANFEI',			'GREATWORKOBJECT_WRITING',		'GREAT_PERSON_INDIVIDUAL_HANFEI',		'LOC_GREATWORK_HANFEI_NAME',		'HD_HANFEI',		'LOC_GREATWORK_HANFEI_QUOTE',			3,			'ERA_CLASSICAL'),
	('GREATWORK_WEILIAO',			'GREATWORKOBJECT_WRITING',		'GREAT_PERSON_INDIVIDUAL_WEILIAO',		'LOC_GREATWORK_WEILIAO_NAME',		'HD_WEILIAO',		'LOC_GREATWORK_WEILIAO_QUOTE',			3,			'ERA_CLASSICAL');

insert or replace into GreatWork_YieldChanges
	(GreatWorkType,					YieldType,				YieldChange)
values
	('GREATWORK_HANFEI',			'YIELD_CULTURE',		3),
	('GREATWORK_WEILIAO',			'YIELD_CULTURE',		3);
insert or replace into GreatWorkModifiers
	(GreatWorkType,					ModifierId)
values
	('GREATWORK_HANFEI',			'GREATWORK_HANFEI_ATTACH'),
	('GREATWORK_HANFEI',			'GREATWORK_HANFEI_ATTACH_1'),
	('GREATWORK_WEILIAO',			'GREATWORK_WEILIAO_ATTACH');
